{
    "Byron Rodriguez": {
        "image": "Assets/images/1.jpg",
        "message": "Why?",
        "time": "9:10"
    },
    "Kristin Holmes": {
        "image": "Assets/images/2.jpg",
        "message": "Hmm",
        "time": "9:02"
    },
    "Everett Wagner": {
        "image": "Assets/images/3.jpg",
        "message": "Call me later",
        "time": "8:11"
    },
    "Roberto Bowman": {
        "image": "Assets/images/4.jpg",
        "message": "Ok",
        "time": "8:01"
    },
    "Dale Day": {
        "image": "Assets/images/5.jpg",
        "message": "I'm on work",
        "time": "7:51"
    },
    "Reginald Kelley": {
        "image": "Assets/images/6.jpg",
        "message": "Let me know",
        "time": "7:01"
    },
    "Darryl Richards": {
        "image": "Assets/images/7.jpg",
        "message": "Let's see tomorrow",
        "time": "6:12"
    },
    "Terry Larson": {
        "image": "Assets/images/8.jpg",
        "message": "Come quickly!",
        "time": "4:42"
    }
}